CEP inicial,Latitude inicial,Longitude inicial,Dia do v√¥o,Hora inicial,Velocidade,CEP final,Latitude final,Longitude final,Pouso,Hora final
82821020,-25.4233146347775,-49.2160678044742,1,06:00:00,36,81490280,-25.5975675014877,-49.3235433911466,SIM,06:53:00
81490280,-25.5975675014877,-49.3235433911466,1,06:54:00,36,81470346,-25.5796239000291,-49.33524810001,SIM,06:57:00
81470346,-25.5796239000291,-49.33524810001,1,06:58:00,36,80035230,-25.4008064386385,-49.2512257402299,SIM,07:24:00
80035230,-25.4008064386385,-49.2512257402299,1,07:25:00,36,81050411,-25.482982,-49.305864,SIM,07:51:00
81050411,-25.482982,-49.305864,1,07:52:00,36,81470300,-25.575776177431,-49.3365443994341,SIM,08:14:00
81470300,-25.575776177431,-49.3365443994341,1,08:15:00,36,80210400,-25.4463780000737,-49.2468984999865,SIM,08:35:00
80210400,-25.4463780000737,-49.2468984999865,1,08:36:00,36,81510160,-25.4561970876697,-49.2447744337813,SIM,08:37:00
81510160,-25.4561970876697,-49.2447744337813,1,08:38:00,36,81330400,-25.488124875843,-49.3264242140685,SIM,09:06:00
81330400,-25.488124875843,-49.3264242140685,1,09:07:00,36,81250720,-25.4815524899573,-49.3385838295334,SIM,09:10:00
81250720,-25.4815524899573,-49.3385838295334,1,09:11:00,36,81570092,-25.47733771481,-49.2394309559741,SIM,09:22:00
81570092,-25.47733771481,-49.2394309559741,1,09:23:00,36,82930390,-25.4608672106041,-49.2047594214569,SIM,09:27:00
82930390,-25.4608672106041,-49.2047594214569,1,09:28:00,36,81550315,-25.4881320075695,-49.208315008611,SIM,09:32:00
81550315,-25.4881320075695,-49.208315008611,1,09:33:00,36,81020420,-25.4920196819718,-49.2840872729491,SIM,09:58:00
81020420,-25.4920196819718,-49.2840872729491,1,09:59:00,36,81530380,-25.4625848305665,-49.2300931009572,SIM,10:06:00
81530380,-25.4625848305665,-49.2300931009572,1,10:07:00,36,82860360,-25.3827108510463,-49.1953359321141,SIM,10:19:00
82860360,-25.3827108510463,-49.1953359321141,1,10:20:00,36,82650060,-25.3808622827653,-49.242762203191,SIM,10:35:00
82650060,-25.3808622827653,-49.242762203191,1,10:36:00,36,80740199,-25.4437465384921,-49.3130473847111,SIM,10:58:00
80740199,-25.4437465384921,-49.3130473847111,1,10:59:00,36,80010200,-25.4499691308346,-49.2748090324017,SIM,11:03:00
80010200,-25.4499691308346,-49.2748090324017,1,11:04:00,36,82950220,-25.4538040386831,-49.2173702690989,SIM,11:10:00
82950220,-25.4538040386831,-49.2173702690989,1,11:11:00,36,80820520,-25.4127105464884,-49.2963300390619,SIM,11:35:00
80820520,-25.4127105464884,-49.2963300390619,1,11:36:00,36,82600640,-25.3981885762214,-49.2162511520761,SIM,11:45:00
82600640,-25.3981885762214,-49.2162511520761,1,11:46:00,36,81470256,-25.569416591018,-49.337872181861,SIM,12:30:00
81470256,-25.569416591018,-49.337872181861,1,12:31:00,36,82020560,-25.401157660715,-49.3241349981993,SIM,12:57:00
82020560,-25.401157660715,-49.3241349981993,1,12:58:00,36,81540160,-25.4663186667815,-49.2166009443659,SIM,13:12:00
81540160,-25.4663186667815,-49.2166009443659,1,13:13:00,36,81310370,-25.5005119473929,-49.3186624209516,SIM,13:46:00
81310370,-25.5005119473929,-49.3186624209516,1,13:47:00,36,81470290,-25.5737515550149,-49.3412589936849,SIM,14:01:00
81470290,-25.5737515550149,-49.3412589936849,1,14:02:00,36,81480216,-25.5592031642591,-49.3274865425991,SIM,14:04:00
81480216,-25.5592031642591,-49.3274865425991,1,14:05:00,36,81350607,-25.5098119631631,-49.3366327775834,SIM,14:13:00
81350607,-25.5098119631631,-49.3366327775834,1,14:14:00,36,81260412,-25.4811505865638,-49.3545312407406,SIM,14:21:00
81260412,-25.4811505865638,-49.3545312407406,1,14:22:00,36,82025101,-25.4089804447922,-49.3131316666906,SIM,14:33:00
82025101,-25.4089804447922,-49.3131316666906,1,14:34:00,36,81460210,-25.5323146848334,-49.3335573678969,SIM,14:55:00
81460210,-25.5323146848334,-49.3335573678969,1,14:56:00,36,81490620,-25.6132684714507,-49.3349370738516,SIM,15:09:00
81490620,-25.6132684714507,-49.3349370738516,1,15:10:00,36,81560570,-25.4943561601417,-49.2107486004445,SIM,15:31:00
81560570,-25.4943561601417,-49.2107486004445,1,15:32:00,36,80035210,-25.4018593540355,-49.2501065029327,SIM,15:51:00
80035210,-25.4018593540355,-49.2501065029327,1,15:52:00,36,82510100,-25.409050749392,-49.2385843936,SIM,15:53:00
82510100,-25.409050749392,-49.2385843936,1,15:54:00,36,81110070,-25.5038132404982,-49.2938690633352,SIM,16:16:00
81110070,-25.5038132404982,-49.2938690633352,1,16:17:00,36,81610020,-25.4773976954983,-49.2479963707565,SIM,16:23:00
81610020,-25.4773976954983,-49.2479963707565,1,16:24:00,36,81770160,-25.5296962833892,-49.244546883763,SIM,16:32:00
81770160,-25.5296962833892,-49.244546883763,1,16:33:00,36,81590568,-25.4865484092882,-49.1981543961654,SIM,16:40:00
81590568,-25.4865484092882,-49.1981543961654,1,16:41:00,36,80730430,-25.430157,-49.293614,SIM,17:11:00
80730430,-25.430157,-49.293614,1,17:12:00,36,81720360,-25.5259885359266,-49.2525244997371,SIM,17:26:00
81720360,-25.5259885359266,-49.2525244997371,1,17:27:00,36,82520590,-25.4131761050287,-49.2261971905551,SIM,17:44:00
82520590,-25.4131761050287,-49.2261971905551,1,17:45:00,36,81280048,-25.4357441112655,-49.361230111158,SIM,18:31:00
81280048,-25.4357441112655,-49.361230111158,1,18:32:00,36,82410316,-25.3849215000131,-49.328439749977,SIM,18:39:00
82410316,-25.3849215000131,-49.328439749977,1,18:40:00,36,82700540,-25.3703488003616,-49.2570179996848,SIM,18:47:00
82700540,-25.3703488003616,-49.2570179996848,1,18:48:00,36,82820460,-25.4179465264684,-49.2222826851176,SIM,18:55:00
82820460,-25.4179465264684,-49.2222826851176,1,18:56:00,36,81330550,-25.4845347422664,-49.323856720273,SIM,19:28:00
81330550,-25.4845347422664,-49.323856720273,2,06:00:00,36,81170762,-25.51557721054,-49.3290638947933,SIM,06:05:00
81170762,-25.51557721054,-49.3290638947933,2,06:06:00,36,80740620,-25.4417320478243,-49.3156172471767,SIM,06:17:00
80740620,-25.4417320478243,-49.3156172471767,2,06:18:00,36,81350320,-25.4992029361912,-49.3318588311607,SIM,06:28:00
81350320,-25.4992029361912,-49.3318588311607,2,06:29:00,36,81200390,-25.4331374954389,-49.3440640772759,SIM,06:40:00
81200390,-25.4331374954389,-49.3440640772759,2,06:41:00,36,81490010,-25.6154928550559,-49.3537353191769,SIM,07:11:00
81490010,-25.6154928550559,-49.3537353191769,2,07:12:00,36,81490562,-25.6007006282316,-49.3302336035246,SIM,07:15:00
81490562,-25.6007006282316,-49.3302336035246,2,07:16:00,36,81315685,-25.5115270000027,-49.3255583333193,SIM,07:30:00
81315685,-25.5115270000027,-49.3255583333193,2,07:31:00,36,81050637,-25.4835295000015,-49.3145007999984,SIM,07:35:00
81050637,-25.4835295000015,-49.3145007999984,2,07:36:00,36,81830300,-25.5229877082695,-49.2642839884632,SIM,07:43:00
81830300,-25.5229877082695,-49.2642839884632,2,07:44:00,36,80060170,-25.4278721677395,-49.2593020468696,SIM,07:59:00
80060170,-25.4278721677395,-49.2593020468696,2,08:00:00,36,81820330,-25.5169970179923,-49.2724628977617,SIM,08:15:00
81820330,-25.5169970179923,-49.2724628977617,2,08:16:00,36,82821016,-25.4270763750322,-49.209505500185,SIM,08:30:00
82821016,-25.4270763750322,-49.209505500185,2,08:31:00,36,82960488,-25.4654066369594,-49.210649939143,SIM,08:37:00
82960488,-25.4654066369594,-49.210649939143,2,08:38:00,36,81590576,-25.4942162501529,-49.2012669496276,SIM,08:42:00
81590576,-25.4942162501529,-49.2012669496276,2,08:43:00,36,81250190,-25.4787356976141,-49.3477187290333,SIM,09:37:00
81250190,-25.4787356976141,-49.3477187290333,2,09:38:00,36,81200030,-25.4339218572309,-49.3305021428569,SIM,09:44:00
81200030,-25.4339218572309,-49.3305021428569,2,09:45:00,36,81450140,-25.4974735953017,-49.3493514288727,SIM,09:57:00
81450140,-25.4974735953017,-49.3493514288727,2,09:58:00,36,82210230,-25.3823373333611,-49.2634891111916,SIM,10:16:00
82210230,-25.3823373333611,-49.2634891111916,2,10:17:00,36,82800310,-25.4363060856137,-49.2266446131255,SIM,10:25:00
82800310,-25.4363060856137,-49.2266446131255,2,10:26:00,36,81870310,-25.524150444185,-49.290210168982,SIM,10:49:00
81870310,-25.524150444185,-49.290210168982,2,10:50:00,36,80820480,-25.4089459015341,-49.3017935380524,SIM,11:09:00
80820480,-25.4089459015341,-49.3017935380524,2,11:10:00,36,82710330,-25.3530998572423,-49.2583428932106,SIM,11:19:00
82710330,-25.3530998572423,-49.2583428932106,2,11:20:00,36,81010130,-25.4764195588417,-49.273155691529,SIM,11:41:00
81010130,-25.4764195588417,-49.273155691529,2,11:42:00,36,81170662,-25.5172792272985,-49.3183728182903,SIM,11:56:00
81170662,-25.5172792272985,-49.3183728182903,2,11:57:00,36,82620150,-25.3843628304926,-49.2203917399179,SIM,12:18:00
82620150,-25.3843628304926,-49.2203917399179,2,12:19:00,36,81935303,-25.5548054287395,-49.2658406002244,SIM,12:51:00
81935303,-25.5548054287395,-49.2658406002244,2,12:52:00,36,81470255,-25.569630444458,-49.3374921110026,SIM,13:13:00
81470255,-25.569630444458,-49.3374921110026,2,13:14:00,36,81250482,-25.4865966553425,-49.3378683447999,SIM,13:28:00
81250482,-25.4865966553425,-49.3378683447999,2,13:29:00,36,81880380,-25.5395481532947,-49.2924784574248,SIM,13:38:00
81880380,-25.5395481532947,-49.2924784574248,2,13:39:00,36,81480125,-25.5614706374337,-49.3118706658535,SIM,13:45:00
81480125,-25.5614706374337,-49.3118706658535,2,13:46:00,36,81560730,-25.476983000057,-49.2242420001757,SIM,14:01:00
81560730,-25.476983000057,-49.2242420001757,2,14:02:00,36,81610220,-25.4840165002992,-49.2455067502822,SIM,14:08:00
81610220,-25.4840165002992,-49.2455067502822,2,14:09:00,36,81220170,-25.4569440522711,-49.3221956960987,SIM,14:31:00
81220170,-25.4569440522711,-49.3221956960987,2,14:32:00,36,81610090,-25.4829752828427,-49.2413676273212,SIM,14:42:00
81610090,-25.4829752828427,-49.2413676273212,2,14:43:00,36,82720240,-25.3649974344476,-49.2309054649185,SIM,15:02:00
82720240,-25.3649974344476,-49.2309054649185,2,15:03:00,36,81250610,-25.4933426909383,-49.3409114723655,SIM,15:40:00
81250610,-25.4933426909383,-49.3409114723655,2,15:41:00,36,81230480,-25.4646281053601,-49.3394493683984,SIM,15:45:00
81230480,-25.4646281053601,-49.3394493683984,2,15:46:00,36,82630100,-25.3812692780083,-49.2161803524462,SIM,16:03:00
82630100,-25.3812692780083,-49.2161803524462,2,16:04:00,36,82415070,-25.3666350000001,-49.3367376666649,SIM,16:46:00
82415070,-25.3666350000001,-49.3367376666649,2,16:47:00,36,81470370,-25.5778784839382,-49.3341110960705,SIM,17:21:00
81470370,-25.5778784839382,-49.3341110960705,2,17:22:00,36,81110240,-25.5012202607084,-49.2880626203316,SIM,17:34:00
81110240,-25.5012202607084,-49.2880626203316,2,17:35:00,36,81452040,-25.4998370213564,-49.3545044201704,SIM,17:58:00
81452040,-25.4998370213564,-49.3545044201704,2,17:59:00,36,82530060,-25.425394880957,-49.2359359145395,SIM,18:15:00
82530060,-25.425394880957,-49.2359359145395,2,18:16:00,36,81030370,-25.4881800174281,-49.2756635796428,SIM,18:31:00
81030370,-25.4881800174281,-49.2756635796428,2,18:32:00,36,81020150,-25.4852090685074,-49.2875810685635,SIM,18:36:00
81020150,-25.4852090685074,-49.2875810685635,2,18:37:00,36,81920735,-25.5391678846873,-49.2615212690534,SIM,18:45:00
81920735,-25.5391678846873,-49.2615212690534,2,18:46:00,36,81550240,-25.4774264375435,-49.2110857497498,SIM,18:55:00
81550240,-25.4774264375435,-49.2110857497498,2,18:56:00,36,81200400,-25.4338997893551,-49.3437087449233,SIM,19:43:00
81200400,-25.4338997893551,-49.3437087449233,3,06:00:00,36,80220200,-25.4672406908201,-49.2801499774178,SIM,06:09:00
80220200,-25.4672406908201,-49.2801499774178,3,06:10:00,36,82015110,-25.4160406938864,-49.3250852303798,SIM,06:22:00
82015110,-25.4160406938864,-49.3250852303798,3,06:23:00,36,81520290,-25.4627057622716,-49.2410266625473,SIM,06:35:00
81520290,-25.4627057622716,-49.2410266625473,3,06:36:00,36,81910570,-25.5339269047986,-49.2586402382427,SIM,06:52:00
81910570,-25.5339269047986,-49.2586402382427,3,06:53:00,36,82200216,-25.3890870000006,-49.270339250004,SIM,07:15:00
82200216,-25.3890870000006,-49.270339250004,3,07:16:00,36,81670110,-25.4977016024349,-49.2505578410785,SIM,07:36:00
81670110,-25.4977016024349,-49.2505578410785,3,07:37:00,36,80330120,-25.4711980670357,-49.3106388116797,SIM,07:51:00
80330120,-25.4711980670357,-49.3106388116797,3,07:52:00,36,80250220,-25.4401651682037,-49.2778677639266,SIM,07:57:00
80250220,-25.4401651682037,-49.2778677639266,3,07:58:00,36,82015720,-25.4187128462549,-49.3341400767781,SIM,08:11:00
82015720,-25.4187128462549,-49.3341400767781,3,08:12:00,36,81260430,-25.4650355019742,-49.3605952475877,SIM,08:25:00
81260430,-25.4650355019742,-49.3605952475877,3,08:26:00,36,81450310,-25.4928927891057,-49.3482807107009,SIM,08:31:00
81450310,-25.4928927891057,-49.3482807107009,3,08:32:00,36,80330250,-25.4685255880972,-49.3077515647853,SIM,08:37:00
80330250,-25.4685255880972,-49.3077515647853,3,08:38:00,36,82960200,-25.468586333766,-49.2107938551622,SIM,08:49:00
82960200,-25.468586333766,-49.2107938551622,3,08:50:00,36,80820650,-25.4121630005226,-49.3068074987427,SIM,09:12:00
80820650,-25.4121630005226,-49.3068074987427,3,09:13:00,36,81920500,-25.5428123134011,-49.2544219342922,SIM,09:41:00
81920500,-25.5428123134011,-49.2544219342922,3,09:42:00,36,82930030,-25.4568138879969,-49.2056962318778,SIM,09:54:00
82930030,-25.4568138879969,-49.2056962318778,3,09:55:00,36,81590210,-25.4814447782289,-49.198611250503,SIM,10:00:00
81590210,-25.4814447782289,-49.198611250503,3,10:01:00,36,81010160,-25.4761700909245,-49.2756320910121,SIM,10:17:00
81010160,-25.4761700909245,-49.2756320910121,3,10:18:00,36,81110190,-25.4985135816744,-49.2879505576038,SIM,10:26:00
81110190,-25.4985135816744,-49.2879505576038,3,10:27:00,36,82700410,-25.3740192069561,-49.2513782763024,SIM,10:43:00
82700410,-25.3740192069561,-49.2513782763024,3,10:44:00,36,82130580,-25.3655056873644,-49.280654645349,SIM,10:49:00
82130580,-25.3655056873644,-49.280654645349,3,10:50:00,36,81240490,-25.4789005295822,-49.3358291909315,SIM,11:29:00
81240490,-25.4789005295822,-49.3358291909315,3,11:30:00,36,81810492,-25.5044000000137,-49.2718504999625,SIM,11:39:00
81810492,-25.5044000000137,-49.2718504999625,3,11:40:00,36,81925578,-25.5519935625411,-49.267926124915,SIM,11:51:00
81925578,-25.5519935625411,-49.267926124915,3,11:52:00,36,80710390,-25.43427248628,-49.3055074800751,SIM,12:09:00
80710390,-25.43427248628,-49.3055074800751,3,12:10:00,36,82710320,-25.3550854904869,-49.2588717776273,SIM,12:23:00
82710320,-25.3550854904869,-49.2588717776273,3,12:24:00,36,82930428,-25.4555670002028,-49.2033254441496,SIM,12:45:00
82930428,-25.4555670002028,-49.2033254441496,3,12:46:00,36,81460239,-25.5325141725804,-49.3365793791746,SIM,13:19:00
81460239,-25.5325141725804,-49.3365793791746,3,13:20:00,36,81560480,-25.4932949091003,-49.2131369999224,SIM,13:38:00
81560480,-25.4932949091003,-49.2131369999224,3,13:39:00,36,82840120,-25.4055829533743,-49.2167226661471,SIM,13:53:00
82840120,-25.4055829533743,-49.2167226661471,3,13:54:00,36,82020770,-25.4035799002893,-49.3165390673192,SIM,14:13:00
82020770,-25.4035799002893,-49.3165390673192,3,14:14:00,36,81920230,-25.540158846702,-49.2654606035168,SIM,14:42:00
81920230,-25.540158846702,-49.2654606035168,3,14:43:00,36,80010160,-25.3975876007521,-49.2498549128683,SIM,15:05:00
80010160,-25.3975876007521,-49.2498549128683,3,15:06:00,36,80530210,-25.415928,-49.266714,SIM,15:11:00
80530210,-25.415928,-49.266714,3,15:12:00,36,82600070,-25.3907411036522,-49.2112438117616,SIM,15:18:00
82600070,-25.3907411036522,-49.2112438117616,3,15:19:00,36,82900480,-25.445789018659,-49.2173394258684,SIM,15:28:00
82900480,-25.445789018659,-49.2173394258684,3,15:29:00,36,81920747,-25.5329949004335,-49.2526856997565,SIM,15:46:00
81920747,-25.5329949004335,-49.2526856997565,3,15:47:00,36,81650080,-25.4844139677447,-49.2377486322425,SIM,15:54:00
81650080,-25.4844139677447,-49.2377486322425,3,15:55:00,36,81170065,-25.5110533750523,-49.3200841245732,SIM,16:23:00
81170065,-25.5110533750523,-49.3200841245732,3,16:24:00,36,81150330,-25.5222469145844,-49.3046045806688,SIM,16:26:00
81150330,-25.5222469145844,-49.3046045806688,3,16:27:00,36,81330220,-25.4843712333489,-49.3355483883407,SIM,16:37:00
81330220,-25.4843712333489,-49.3355483883407,3,16:38:00,36,80440020,-25.4428337956861,-49.300747838027,SIM,16:44:00
80440020,-25.4428337956861,-49.300747838027,3,16:45:00,36,80030200,-25.4196624320568,-49.2602838398977,SIM,16:50:00
80030200,-25.4196624320568,-49.2602838398977,3,16:51:00,36,81240110,-25.4758162194925,-49.3455733886983,SIM,17:18:00
81240110,-25.4758162194925,-49.3455733886983,3,17:19:00,36,81580020,-25.4882127778241,-49.2241676667996,SIM,17:32:00
81580020,-25.4882127778241,-49.2241676667996,3,17:33:00,36,80040153,-25.4213319028677,-49.2481648998847,SIM,17:46:00
80040153,-25.4213319028677,-49.2481648998847,3,17:47:00,36,82515190,-25.399238,-49.229496,SIM,17:50:00
82515190,-25.399238,-49.229496,3,17:51:00,36,82990000,-25.4637044472508,-49.198121637253,SIM,18:00:00
82990000,-25.4637044472508,-49.198121637253,3,18:01:00,36,81935437,-25.5569929167696,-49.2495865835216,SIM,18:22:00
81935437,-25.5569929167696,-49.2495865835216,3,18:23:00,36,81935113,-25.5499175384761,-49.253610923113,SIM,18:24:00
81935113,-25.5499175384761,-49.253610923113,3,18:25:00,36,81320290,-25.4748252660661,-49.3107362306741,SIM,18:45:00
81320290,-25.4748252660661,-49.3107362306741,3,18:46:00,36,81130330,-25.5102533750322,-49.3062616741933,SIM,18:51:00
81130330,-25.5102533750322,-49.3062616741933,3,18:52:00,36,80610300,-25.463999400884,-49.2889687454307,SIM,18:59:00
80610300,-25.463999400884,-49.2889687454307,4,06:00:00,36,81305650,-25.5010554166774,-49.3233459999556,SIM,06:11:00
81305650,-25.5010554166774,-49.3233459999556,4,06:12:00,36,81450520,-25.4951670667098,-49.3442928001987,SIM,06:16:00
81450520,-25.4951670667098,-49.3442928001987,4,06:17:00,36,80060040,-25.4318069334388,-49.263280830672,SIM,06:31:00
80060040,-25.4318069334388,-49.263280830672,4,06:32:00,36,80540140,-25.4021061827475,-49.2605236422368,SIM,06:36:00
80540140,-25.4021061827475,-49.2605236422368,4,06:37:00,36,80540290,-25.4060056184402,-49.2667691092792,SIM,06:38:00
80540290,-25.4060056184402,-49.2667691092792,4,06:39:00,36,82840140,-25.4035558681452,-49.2092009936114,SIM,06:46:00
82840140,-25.4035558681452,-49.2092009936114,4,06:47:00,36,82010390,-25.4282395714462,-49.3275682857714,SIM,07:13:00
82010390,-25.4282395714462,-49.3275682857714,4,07:14:00,36,80730270,-25.4395442941516,-49.3020722939492,SIM,07:18:00
80730270,-25.4395442941516,-49.3020722939492,4,07:19:00,36,80320110,-25.4631702181385,-49.2942522954363,SIM,07:23:00
80320110,-25.4631702181385,-49.2942522954363,4,07:24:00,36,82600750,-25.3958555000045,-49.2162615000035,SIM,07:38:00
82600750,-25.3958555000045,-49.2162615000035,4,07:39:00,36,82650320,-25.3737566254647,-49.2469140011033,SIM,07:46:00
82650320,-25.3737566254647,-49.2469140011033,4,07:47:00,36,80050435,-25.4305533081275,-49.2435107491958,SIM,07:58:00
80050435,-25.4305533081275,-49.2435107491958,4,07:59:00,36,82320220,-25.4019988462337,-49.3433039997731,SIM,08:19:00
82320220,-25.4019988462337,-49.3433039997731,4,08:20:00,36,82630290,-25.371866280235,-49.2091730004846,SIM,08:38:00
82630290,-25.371866280235,-49.2091730004846,4,08:39:00,36,82930000,-25.4522168930604,-49.2076848688181,SIM,08:54:00
82930000,-25.4522168930604,-49.2076848688181,4,08:55:00,36,81550150,-25.4770778208763,-49.2126543845983,SIM,09:00:00
81550150,-25.4770778208763,-49.2126543845983,4,09:01:00,36,80710600,-25.4224698510365,-49.3006978054742,SIM,09:21:00
80710600,-25.4224698510365,-49.3006978054742,4,09:22:00,36,82025060,-25.4094383254911,-49.3098019002186,SIM,09:24:00
82025060,-25.4094383254911,-49.3098019002186,4,09:25:00,36,81220090,-25.4539760939031,-49.3149024143145,SIM,09:34:00
81220090,-25.4539760939031,-49.3149024143145,4,09:35:00,36,80410000,-25.4213661621413,-49.2875646174355,SIM,09:40:00
80410000,-25.4213661621413,-49.2875646174355,4,09:41:00,36,80045160,-25.4227240373025,-49.257747950136,SIM,09:44:00
80045160,-25.4227240373025,-49.257747950136,4,09:45:00,36,81350686,-25.4936598469491,-49.3400481020638,SIM,10:11:00
81350686,-25.4936598469491,-49.3400481020638,4,10:12:00,36,81250210,-25.4756844576971,-49.3473682666473,SIM,10:15:00
81250210,-25.4756844576971,-49.3473682666473,4,10:16:00,36,80030430,-25.4146322176159,-49.2550561883948,SIM,10:30:00
80030430,-25.4146322176159,-49.2550561883948,4,10:31:00,36,81650050,-25.4935107881037,-49.2359919665457,SIM,10:46:00
81650050,-25.4935107881037,-49.2359919665457,4,10:47:00,36,80215650,-25.4484380190541,-49.2490664368478,SIM,10:54:00
80215650,-25.4484380190541,-49.2490664368478,4,10:55:00,36,82940170,-25.454631812,-49.2228321157173,SIM,10:58:00
82940170,-25.454631812,-49.2228321157173,4,10:59:00,36,80220380,-25.4622493336364,-49.2552576680305,SIM,11:07:00
80220380,-25.4622493336364,-49.2552576680305,4,11:08:00,36,81590577,-25.4923383333506,-49.2002912221858,SIM,11:16:00
81590577,-25.4923383333506,-49.2002912221858,4,11:17:00,36,82520150,-25.4121197273283,-49.2373089094202,SIM,11:32:00
82520150,-25.4121197273283,-49.2373089094202,4,11:33:00,36,82520095,-25.4146626252933,-49.2400308757049,SIM,11:33:00
82520095,-25.4146626252933,-49.2400308757049,4,11:34:00,36,82710082,-25.3647667288143,-49.2518749086381,SIM,11:42:00
82710082,-25.3647667288143,-49.2518749086381,4,11:43:00,36,80010040,-25.433306347953,-49.2586024190518,SIM,11:57:00
80010040,-25.433306347953,-49.2586024190518,4,11:58:00,36,80520550,-25.403621771614,-49.2770964271839,SIM,12:04:00
80520550,-25.403621771614,-49.2770964271839,4,12:05:00,36,81030100,-25.4832995440473,-49.2706444334036,SIM,12:22:00
81030100,-25.4832995440473,-49.2706444334036,4,12:23:00,36,81910030,-25.5361378385276,-49.2685374132639,SIM,12:34:00
81910030,-25.5361378385276,-49.2685374132639,4,12:35:00,36,81590045,-25.4936220026944,-49.1988741650016,SIM,12:46:00
81590045,-25.4936220026944,-49.1988741650016,4,12:47:00,36,81590340,-25.486945243492,-49.2043714494834,SIM,12:48:00
81590340,-25.486945243492,-49.2043714494834,4,12:49:00,36,82320230,-25.4021230003188,-49.3423791541151,SIM,13:17:00
82320230,-25.4021230003188,-49.3423791541151,4,13:18:00,36,81900560,-25.5386532636233,-49.2709988129397,SIM,13:47:00
81900560,-25.5386532636233,-49.2709988129397,4,13:48:00,36,81930367,-25.5617914350131,-49.2710241313602,SIM,13:53:00
81930367,-25.5617914350131,-49.2710241313602,4,13:54:00,36,81880240,-25.5404745077498,-49.2975794776044,SIM,13:59:00
81880240,-25.5404745077498,-49.2975794776044,4,14:00:00,36,81940200,-25.5579957528383,-49.3005594977692,SIM,14:03:00
81940200,-25.5579957528383,-49.3005594977692,4,14:04:00,36,81265330,-25.4702238422545,-49.3713250851996,SIM,14:23:00
81265330,-25.4702238422545,-49.3713250851996,4,14:24:00,36,80620370,-25.4578113636589,-49.2746421817496,SIM,14:37:00
80620370,-25.4578113636589,-49.2746421817496,4,14:38:00,36,81510040,-25.4602953492636,-49.2465827083158,SIM,14:42:00
81510040,-25.4602953492636,-49.2465827083158,4,14:43:00,36,82520040,-25.413549500017,-49.2301156541579,SIM,14:50:00
82520040,-25.413549500017,-49.2301156541579,4,14:51:00,36,81580179,-25.4968867857253,-49.2235692856984,SIM,15:08:00
81580179,-25.4968867857253,-49.2235692856984,4,15:09:00,36,80240550,-25.4533378888945,-49.3034312777902,SIM,15:29:00
80240550,-25.4533378888945,-49.3034312777902,4,15:30:00,36,80320140,-25.4645330930821,-49.294537482629,SIM,15:32:00
80320140,-25.4645330930821,-49.294537482629,4,15:33:00,36,81230560,-25.4618345263762,-49.3467354210512,SIM,15:45:00
81230560,-25.4618345263762,-49.3467354210512,4,15:46:00,36,81260210,-25.4862514891775,-49.350391101116,SIM,15:50:00
81260210,-25.4862514891775,-49.350391101116,4,15:51:00,36,81050610,-25.4838938211145,-49.3106146746474,SIM,15:56:00
81050610,-25.4838938211145,-49.3106146746474,4,15:57:00,36,81850680,-25.54320816435,-49.242931161733,SIM,16:09:00
81850680,-25.54320816435,-49.242931161733,4,16:10:00,36,81910390,-25.5316857069475,-49.261658650228,SIM,16:14:00
81910390,-25.5316857069475,-49.261658650228,4,16:15:00,36,81450410,-25.4981067710058,-49.3448539613686,SIM,16:35:00
81450410,-25.4981067710058,-49.3448539613686,4,16:36:00,36,81210070,-25.4427148131246,-49.3268133751402,SIM,16:45:00
81210070,-25.4427148131246,-49.3268133751402,4,16:46:00,36,80045265,-25.430376,-49.248243,SIM,16:56:00
80045265,-25.430376,-49.248243,4,16:57:00,36,82130162,-25.3808898753791,-49.2691345002354,SIM,17:07:00
82130162,-25.3808898753791,-49.2691345002354,4,17:08:00,36,81312000,-25.5030856483401,-49.3152229520216,SIM,17:33:00
81312000,-25.5030856483401,-49.3152229520216,4,17:34:00,36,81480141,-25.5562061667039,-49.3231896667236,SIM,17:43:00
81480141,-25.5562061667039,-49.3231896667236,4,17:44:00,36,81590270,-25.4844592157371,-49.203473764438,SIM,18:03:00
81590270,-25.4844592157371,-49.203473764438,4,18:04:00,36,80030010,-25.424164,-49.266866,SIM,18:22:00
80030010,-25.424164,-49.266866,4,18:23:00,36,81070000,-25.4763966710448,-49.3031041977101,SIM,18:36:00
81070000,-25.4763966710448,-49.3031041977101,4,18:37:00,36,82650210,-25.3791995264108,-49.2479747365615,SIM,18:54:00
82650210,-25.3791995264108,-49.2479747365615,4,18:55:00,36,80820310,-25.4086845373433,-49.2906611455039,SIM,19:06:00
80820310,-25.4086845373433,-49.2906611455039,5,06:00:00,36,82650230,-25.3772499488416,-49.2469517894625,SIM,06:10:00
82650230,-25.3772499488416,-49.2469517894625,5,06:11:00,36,80440090,-25.4443285001079,-49.2916224997606,SIM,06:24:00
80440090,-25.4443285001079,-49.2916224997606,5,06:25:00,36,81010170,-25.4783570614136,-49.2757205974116,SIM,06:31:00
81010170,-25.4783570614136,-49.2757205974116,5,06:32:00,36,80510325,-25.4198156998607,-49.2790781765687,SIM,06:43:00
80510325,-25.4198156998607,-49.2790781765687,5,06:44:00,36,81150130,-25.5161805037496,-49.3043711084487,SIM,07:01:00
81150130,-25.5161805037496,-49.3043711084487,5,07:02:00,36,81945040,-25.6022235414387,-49.3138372232201,SIM,07:17:00
81945040,-25.6022235414387,-49.3138372232201,5,07:18:00,36,81470175,-25.567186531582,-49.3334716250438,SIM,07:25:00
81470175,-25.567186531582,-49.3334716250438,5,07:26:00,36,81560250,-25.4891353622078,-49.2181798796427,SIM,07:52:00
81560250,-25.4891353622078,-49.2181798796427,5,07:53:00,36,81570360,-25.4857325221308,-49.2299521315212,SIM,07:54:00
81570360,-25.4857325221308,-49.2299521315212,5,07:55:00,36,81590220,-25.4821304044981,-49.1983598981544,SIM,08:00:00
81590220,-25.4821304044981,-49.1983598981544,5,08:01:00,36,81110522,-25.5094403220237,-49.2915096538449,SIM,08:16:00
81110522,-25.5094403220237,-49.2915096538449,5,08:17:00,36,81910160,-25.530759191602,-49.2694617027723,SIM,08:22:00
81910160,-25.530759191602,-49.2694617027723,5,08:23:00,36,82980600,-25.4666337593647,-49.1916779820241,SIM,08:42:00
82980600,-25.4666337593647,-49.1916779820241,5,08:43:00,36,81570240,-25.4811182084669,-49.2271006252739,SIM,08:49:00
81570240,-25.4811182084669,-49.2271006252739,5,08:50:00,36,80250085,-25.4428916686675,-49.2805507832172,SIM,09:00:00
80250085,-25.4428916686675,-49.2805507832172,5,09:01:00,36,81030180,-25.4763519008138,-49.2647633349843,SIM,09:07:00
81030180,-25.4763519008138,-49.2647633349843,5,09:08:00,36,81070310,-25.4777156282764,-49.3079769301493,SIM,09:14:00
81070310,-25.4777156282764,-49.3079769301493,5,09:15:00,36,81330620,-25.4883481133979,-49.3345923101625,SIM,09:19:00
81330620,-25.4883481133979,-49.3345923101625,5,09:20:00,36,81480152,-25.5584308697738,-49.3207049341475,SIM,09:32:00
81480152,-25.5584308697738,-49.3207049341475,5,09:33:00,36,80810200,-25.411751607072,-49.288206501747,SIM,10:02:00
80810200,-25.411751607072,-49.288206501747,5,10:03:00,36,82015100,-25.4177303741766,-49.3254408265132,SIM,10:08:00
82015100,-25.4177303741766,-49.3254408265132,5,10:09:00,36,82300430,-25.4211195918941,-49.3463656911546,SIM,10:12:00
82300430,-25.4211195918941,-49.3463656911546,5,10:13:00,36,82100470,-25.3984034918396,-49.2952852364297,SIM,10:23:00
82100470,-25.3984034918396,-49.2952852364297,5,10:24:00,36,81935382,-25.5594363219748,-49.2516978436888,SIM,10:54:00
81935382,-25.5594363219748,-49.2516978436888,5,10:55:00,36,81452334,-25.5061884000766,-49.3539056000423,SIM,11:13:00
81452334,-25.5061884000766,-49.3539056000423,5,11:14:00,36,81480050,-25.5639557671639,-49.3123860165859,SIM,11:26:00
81480050,-25.5639557671639,-49.3123860165859,5,11:27:00,36,81935317,-25.5574814410697,-49.2659726298718,SIM,11:35:00
81935317,-25.5574814410697,-49.2659726298718,5,11:36:00,36,81910550,-25.5343119298378,-49.2590953391986,SIM,11:40:00
81910550,-25.5343119298378,-49.2590953391986,5,11:41:00,36,81935050,-25.555508412277,-49.2544885303963,SIM,11:44:00
81935050,-25.555508412277,-49.2544885303963,5,11:45:00,36,81460140,-25.5504730020315,-49.3064697407443,SIM,11:53:00
81460140,-25.5504730020315,-49.3064697407443,5,11:54:00,36,81940210,-25.5603014782721,-49.2872240368535,SIM,11:57:00
81940210,-25.5603014782721,-49.2872240368535,5,11:58:00,36,81460235,-25.5296041641745,-49.3384583258202,SIM,12:07:00
81460235,-25.5296041641745,-49.3384583258202,5,12:08:00,36,81150120,-25.5170223068465,-49.3040621642926,SIM,12:15:00
81150120,-25.5170223068465,-49.3040621642926,5,12:16:00,36,81490370,-25.5945839118607,-49.3348460297419,SIM,12:29:00
81490370,-25.5945839118607,-49.3348460297419,5,12:30:00,36,81450340,-25.4902346316319,-49.3486330527676,SIM,12:50:00
81450340,-25.4902346316319,-49.3486330527676,5,12:51:00,36,81270220,-25.4591060306723,-49.3531713829059,SIM,12:57:00
81270220,-25.4591060306723,-49.3531713829059,5,12:58:00,36,80310110,-25.4618760201347,-49.3131981040754,SIM,13:06:00
80310110,-25.4618760201347,-49.3131981040754,5,13:07:00,36,81900670,-25.5457748986399,-49.2827186530876,SIM,13:22:00
81900670,-25.5457748986399,-49.2827186530876,5,13:23:00,36,80215542,-25.4467561755521,-49.2503976846901,SIM,13:44:00
80215542,-25.4467561755521,-49.2503976846901,5,13:45:00,36,80230090,-25.4390390483783,-49.2723309760101,SIM,13:48:00
80230090,-25.4390390483783,-49.2723309760101,5,13:49:00,36,81710380,-25.4967925893433,-49.2594143510465,SIM,13:59:00
81710380,-25.4967925893433,-49.2594143510465,5,14:00:00,36,80010010,-25.4267759520353,-49.2679877486134,SIM,14:13:00
80010010,-25.4267759520353,-49.2679877486134,5,14:14:00,36,82990198,-25.4560595000466,-49.1987434093442,SIM,14:28:00
82990198,-25.4560595000466,-49.1987434093442,5,14:29:00,36,80210200,-25.4425802500035,-49.2447534999719,SIM,14:36:00
80210200,-25.4425802500035,-49.2447534999719,5,14:37:00,36,82200440,-25.393875587652,-49.2639951894228,SIM,14:46:00
82200440,-25.393875587652,-49.2639951894228,5,14:47:00,36,82310380,-25.4271679351543,-49.3574755107166,SIM,15:01:00
82310380,-25.4271679351543,-49.3574755107166,5,15:02:00,36,81590578,-25.4926040000053,-49.2000059999854,SIM,15:30:00
81590578,-25.4926040000053,-49.2000059999854,5,15:31:00,36,81520300,-25.4623570695212,-49.2422078636873,SIM,15:40:00
81520300,-25.4623570695212,-49.2422078636873,5,15:41:00,36,81935474,-25.5506130891455,-49.245334911631,SIM,15:54:00
81935474,-25.5506130891455,-49.245334911631,5,15:55:00,36,82980520,-25.4702554549873,-49.1880231206476,SIM,16:16:00
82980520,-25.4702554549873,-49.1880231206476,5,16:17:00,36,82510514,-25.4130335000161,-49.2401459999717,SIM,16:31:00
82510514,-25.4130335000161,-49.2401459999717,5,16:32:00,36,80820350,-25.4104868271504,-49.2948596739003,SIM,16:40:00
80820350,-25.4104868271504,-49.2948596739003,5,16:41:00,36,81850650,-25.5414905884625,-49.2439315883873,SIM,17:03:00
81850650,-25.5414905884625,-49.2439315883873,5,17:04:00,36,80045340,-25.4273942123959,-49.2452352041218,SIM,17:29:00
80045340,-25.4273942123959,-49.2452352041218,5,17:30:00,36,81130270,-25.5076616583274,-49.3009496047833,SIM,17:44:00
81130270,-25.5076616583274,-49.3009496047833,5,17:45:00,36,80510090,-25.4219078028813,-49.2805581841836,SIM,18:05:00
80510090,-25.4219078028813,-49.2805581841836,5,18:06:00,36,82920090,-25.4493406843058,-49.2065936315104,SIM,18:16:00
82920090,-25.4493406843058,-49.2065936315104,5,18:17:00,36,81650170,-25.4968831947737,-49.2251870078443,SIM,18:26:00
81650170,-25.4968831947737,-49.2251870078443,5,18:27:00,36,81280190,-25.4369027676958,-49.3594793608748,SIM,18:59:00
81280190,-25.4369027676958,-49.3594793608748,6,06:00:00,36,82315100,-25.4138947234128,-49.3562615743809,SIM,06:03:00
82315100,-25.4138947234128,-49.3562615743809,6,06:04:00,36,82310354,-25.428940781271,-49.3504773749079,SIM,06:07:00
82310354,-25.428940781271,-49.3504773749079,6,06:08:00,36,82400380,-25.3939611290747,-49.3559660424619,SIM,06:14:00
82400380,-25.3939611290747,-49.3559660424619,6,06:15:00,36,81710300,-25.4995227903921,-49.2608604414495,SIM,06:40:00
81710300,-25.4995227903921,-49.2608604414495,6,06:41:00,36,81280125,-25.4406127564945,-49.3601132684004,SIM,07:01:00
81280125,-25.4406127564945,-49.3601132684004,6,07:02:00,36,80620340,-25.4540745011999,-49.2732563508827,SIM,07:15:00
80620340,-25.4540745011999,-49.2732563508827,6,07:16:00,36,82720410,-25.3531644337776,-49.232263242608,SIM,07:34:00
82720410,-25.3531644337776,-49.232263242608,6,07:35:00,36,82640710,-25.3761139167061,-49.2360147500568,SIM,07:39:00
82640710,-25.3761139167061,-49.2360147500568,6,07:40:00,36,81935446,-25.5561318634792,-49.2494041568186,SIM,08:16:00
81935446,-25.5561318634792,-49.2494041568186,6,08:17:00,36,82100620,-25.3924350555573,-49.3027649999663,SIM,08:46:00
82100620,-25.3924350555573,-49.3027649999663,6,08:47:00,36,81110330,-25.5042910428287,-49.2847716627966,SIM,09:09:00
81110330,-25.5042910428287,-49.2847716627966,6,09:10:00,36,81350712,-25.4960801542241,-49.3371847691929,SIM,09:20:00
81350712,-25.4960801542241,-49.3371847691929,6,09:21:00,36,80045270,-25.4269458358083,-49.2498379452408,SIM,09:38:00
80045270,-25.4269458358083,-49.2498379452408,6,09:39:00,36,81470089,-25.5687003611858,-49.3290482775162,SIM,10:11:00
81470089,-25.5687003611858,-49.3290482775162,6,10:12:00,36,81870352,-25.5241770000303,-49.2937684998992,SIM,10:21:00
81870352,-25.5241770000303,-49.2937684998992,6,10:22:00,36,82560040,-25.385069922368,-49.2480647046834,SIM,10:46:00
82560040,-25.385069922368,-49.2480647046834,6,10:47:00,36,81510390,-25.4685143295265,-49.2421165124832,SIM,11:03:00
81510390,-25.4685143295265,-49.2421165124832,6,11:04:00,36,80730450,-25.4295930000255,-49.2924205417543,SIM,11:15:00
80730450,-25.4295930000255,-49.2924205417543,6,11:16:00,36,82015640,-25.4165571631868,-49.3376898347165,SIM,11:24:00
82015640,-25.4165571631868,-49.3376898347165,6,11:25:00,36,80820500,-25.4107702686398,-49.3021048645381,SIM,11:30:00
80820500,-25.4107702686398,-49.3021048645381,6,11:31:00,36,82320340,-25.399199941043,-49.3477109219031,SIM,11:39:00
82320340,-25.399199941043,-49.3477109219031,6,11:40:00,36,81750200,-25.5157135001734,-49.243793374824,SIM,12:06:00
81750200,-25.5157135001734,-49.243793374824,6,12:07:00,36,82030020,-25.3946174297227,-49.3162606368294,SIM,12:31:00
82030020,-25.3946174297227,-49.3162606368294,6,12:32:00,36,81260160,-25.488209,-49.348703,SIM,12:52:00
81260160,-25.488209,-49.348703,6,12:53:00,36,81510570,-25.4741691564102,-49.242520655745,SIM,13:09:00
81510570,-25.4741691564102,-49.242520655745,6,13:10:00,36,82100440,-25.3942804783177,-49.2932765649519,SIM,13:26:00
82100440,-25.3942804783177,-49.2932765649519,6,13:27:00,36,82810080,-25.4396831550178,-49.213992719196,SIM,13:42:00
82810080,-25.4396831550178,-49.213992719196,6,13:43:00,36,81350713,-25.496557235688,-49.3371662352983,SIM,14:08:00
81350713,-25.496557235688,-49.3371662352983,6,14:09:00,36,81850712,-25.5293962610013,-49.2571259563704,SIM,14:23:00
81850712,-25.5293962610013,-49.2571259563704,6,14:24:00,36,81825210,-25.5262738689431,-49.2736153558222,SIM,14:27:00
81825210,-25.5262738689431,-49.2736153558222,6,14:28:00,36,82960518,-25.4654572500437,-49.1984884999811,SIM,14:43:00
82960518,-25.4654572500437,-49.1984884999811,6,14:44:00,36,82200200,-25.3904101875436,-49.2691160623079,SIM,15:01:00
82200200,-25.3904101875436,-49.2691160623079,6,15:02:00,36,81750280,-25.5127671393955,-49.2444025714353,SIM,15:23:00
81750280,-25.5127671393955,-49.2444025714353,6,15:24:00,36,82400000,-25.4008242454259,-49.335596235314,SIM,15:53:00
82400000,-25.4008242454259,-49.335596235314,6,15:54:00,36,80810070,-25.4171734750828,-49.2912702953003,SIM,16:00:00
80810070,-25.4171734750828,-49.2912702953003,6,16:01:00,36,82130470,-25.3763584193723,-49.2754817420857,SIM,16:08:00
82130470,-25.3763584193723,-49.2754817420857,6,16:09:00,36,82930370,-25.4627990031427,-49.2053096781914,SIM,16:26:00
82930370,-25.4627990031427,-49.2053096781914,6,16:27:00,36,82640640,-25.3715918782937,-49.2403618225252,SIM,16:45:00
82640640,-25.3715918782937,-49.2403618225252,6,16:46:00,36,81230395,-25.4630444265055,-49.340662832648,SIM,17:13:00
81230395,-25.4630444265055,-49.340662832648,6,17:14:00,36,81170755,-25.5160188418949,-49.3308090343913,SIM,17:23:00
81170755,-25.5160188418949,-49.3308090343913,6,17:24:00,36,81490360,-25.5959260714452,-49.3331487620149,SIM,17:38:00
81490360,-25.5959260714452,-49.3331487620149,6,17:39:00,36,81770140,-25.5277922333666,-49.2459991910781,SIM,17:55:00
81770140,-25.5277922333666,-49.2459991910781,6,17:56:00,36,82650470,-25.3694403145923,-49.2428589272921,SIM,18:24:00
82650470,-25.3694403145923,-49.2428589272921,6,18:25:00,36,82640400,-25.3780721034646,-49.2387994310608,SIM,18:26:00
82640400,-25.3780721034646,-49.2387994310608,6,18:27:00,36,82820300,-25.4107437445588,-49.2017098689937,SIM,18:33:00
82820300,-25.4107437445588,-49.2017098689937,6,18:34:00,36,82860400,-25.3861406843164,-49.1978955789077,SIM,18:38:00
82860400,-25.3861406843164,-49.1978955789077,6,18:39:00,36,82810220,-25.4362783812433,-49.2176039050576,SIM,18:49:00
82810220,-25.4362783812433,-49.2176039050576,6,18:50:00,36,82220563,-25.3564836666715,-49.2790128333043,SIM,19:11:00
82220563,-25.3564836666715,-49.2790128333043,7,06:00:00,36,82320460,-25.4077602271442,-49.3507954592113,SIM,06:18:00
82320460,-25.4077602271442,-49.3507954592113,7,06:19:00,36,82990150,-25.4599432722975,-49.1940915354714,SIM,06:44:00
82990150,-25.4599432722975,-49.1940915354714,7,06:45:00,36,81830020,-25.5125646322447,-49.2675350633395,SIM,07:03:00
81830020,-25.5125646322447,-49.2675350633395,7,07:04:00,36,81450350,-25.4902280000456,-49.348047000162,SIM,07:19:00
81450350,-25.4902280000456,-49.348047000162,7,07:20:00,36,81260470,-25.4878793333939,-49.3499858333103,SIM,07:20:00
81260470,-25.4878793333939,-49.3499858333103,7,07:21:00,36,81710590,-25.5021303917908,-49.2606525653797,SIM,07:34:00
81710590,-25.5021303917908,-49.2606525653797,7,07:35:00,36,82220610,-25.3725747859642,-49.2682819283134,SIM,07:56:00
82220610,-25.3725747859642,-49.2682819283134,7,07:57:00,36,81220100,-25.4557352095908,-49.3256450071633,SIM,08:18:00
81220100,-25.4557352095908,-49.3256450071633,7,08:19:00,36,81230392,-25.4603003707953,-49.340657573102,SIM,08:22:00
81230392,-25.4603003707953,-49.340657573102,7,08:23:00,36,81550490,-25.4924960602498,-49.2054049266086,SIM,08:44:00
81550490,-25.4924960602498,-49.2054049266086,7,08:45:00,36,81520250,-25.4595564842104,-49.2411990341756,SIM,08:53:00
81520250,-25.4595564842104,-49.2411990341756,7,08:54:00,36,81925567,-25.5516863820233,-49.2689271518567,SIM,09:14:00
81925567,-25.5516863820233,-49.2689271518567,7,09:15:00,36,82100270,-25.4014680627492,-49.2883068119821,SIM,09:39:00
82100270,-25.4014680627492,-49.2883068119821,7,09:40:00,36,81550430,-25.4903390577391,-49.20628701026,SIM,10:01:00
81550430,-25.4903390577391,-49.20628701026,7,10:02:00,36,82530380,-25.4300625729625,-49.2336060009616,SIM,10:12:00
82530380,-25.4300625729625,-49.2336060009616,7,10:13:00,36,81030380,-25.4878438322257,-49.2772121864255,SIM,10:29:00
81030380,-25.4878438322257,-49.2772121864255,7,10:30:00,36,81480160,-25.5588432106598,-49.3151440012031,SIM,10:48:00
81480160,-25.5588432106598,-49.3151440012031,7,10:49:00,36,81470340,-25.5784518706724,-49.3362378687666,SIM,10:55:00
81470340,-25.5784518706724,-49.3362378687666,7,10:56:00,36,82310433,-25.43107,-49.372483,SIM,11:20:00
82310433,-25.43107,-49.372483,7,11:21:00,36,81910230,-25.5278877309024,-49.2672872891657,SIM,11:45:00
81910230,-25.5278877309024,-49.2672872891657,7,11:46:00,36,81480170,-25.5633003333374,-49.3185828888561,SIM,11:59:00
81480170,-25.5633003333374,-49.3185828888561,7,12:00:00,36,80040150,-25.419191727292,-49.2505313635874,SIM,12:21:00
80040150,-25.419191727292,-49.2505313635874,7,12:22:00,36,80530040,-25.4219925091123,-49.2723748799989,SIM,12:27:00
80530040,-25.4219925091123,-49.2723748799989,7,12:28:00,36,82630494,-25.3769201560983,-49.2197021839363,SIM,12:36:00
82630494,-25.3769201560983,-49.2197021839363,7,12:37:00,36,82960472,-25.4657194667099,-49.212058299976,SIM,12:57:00
82960472,-25.4657194667099,-49.212058299976,7,12:58:00,36,80240660,-25.4542530556284,-49.2916382221557,SIM,13:14:00
80240660,-25.4542530556284,-49.2916382221557,7,13:15:00,36,81170370,-25.514465668778,-49.3258065209142,SIM,13:34:00
81170370,-25.514465668778,-49.3258065209142,7,13:35:00,36,81570010,-25.4740384750357,-49.2379956248079,SIM,13:47:00
81570010,-25.4740384750357,-49.2379956248079,7,13:48:00,36,81570001,-25.4825630317905,-49.2238324147895,SIM,13:50:00
81570001,-25.4825630317905,-49.2238324147895,7,13:51:00,36,81320083,-25.4770955000105,-49.3183277499707,SIM,14:10:00
81320083,-25.4770955000105,-49.3183277499707,7,14:11:00,36,82220133,-25.3760098333463,-49.2639595000711,SIM,14:26:00
82220133,-25.3760098333463,-49.2639595000711,7,14:27:00,36,82315390,-25.4096763580765,-49.3604395248946,SIM,14:53:00
82315390,-25.4096763580765,-49.3604395248946,7,14:54:00,36,81200160,-25.4320014000022,-49.3213627999599,SIM,15:00:00
81200160,-25.4320014000022,-49.3213627999599,7,15:01:00,36,81470055,-25.5630048148415,-49.3383968771216,SIM,15:35:00
81470055,-25.5630048148415,-49.3383968771216,7,15:36:00,36,81490398,-25.5963908362783,-49.3358913045797,SIM,15:43:00
81490398,-25.5963908362783,-49.3358913045797,7,15:44:00,36,81490400,-25.5959260793478,-49.3357867186009,SIM,15:44:00
81490400,-25.5959260793478,-49.3357867186009,7,15:45:00,36,81490170,-25.5871765229344,-49.3233641230418,SIM,15:46:00
81490170,-25.5871765229344,-49.3233641230418,7,15:47:00,36,81260350,-25.4831184667002,-49.3499515999385,SIM,16:02:00
81260350,-25.4831184667002,-49.3499515999385,7,16:03:00,36,81450195,-25.4997584943394,-49.3532384355102,SIM,16:07:00
81450195,-25.4997584943394,-49.3532384355102,7,16:08:00,36,81670260,-25.5039440665513,-49.2550349720709,SIM,16:20:00
81670260,-25.5039440665513,-49.2550349720709,7,16:21:00,36,80810020,-25.4179269867733,-49.2959062863188,SIM,16:35:00
80810020,-25.4179269867733,-49.2959062863188,7,16:36:00,36,80710040,-25.4214634286453,-49.3044615715174,SIM,16:38:00
80710040,-25.4214634286453,-49.3044615715174,7,16:39:00,36,80510360,-25.4193944591681,-49.2858097118247,SIM,16:41:00
80510360,-25.4193944591681,-49.2858097118247,7,16:42:00,36,82130282,-25.3808727224324,-49.2743298330015,SIM,16:47:00
82130282,-25.3808727224324,-49.2743298330015,7,16:48:00,36,80710350,-25.4333576000608,-49.3086768002282,SIM,17:07:00
80710350,-25.4333576000608,-49.3086768002282,7,17:08:00,36,82410510,-25.3732418954991,-49.3291631561723,SIM,17:17:00
82410510,-25.3732418954991,-49.3291631561723,7,17:18:00,36,82220470,-25.3569461500704,-49.2736981005731,SIM,17:24:00
82220470,-25.3569461500704,-49.2736981005731,7,17:25:00,36,80050440,-25.4325298004091,-49.2411146661928,SIM,17:41:00
80050440,-25.4325298004091,-49.2411146661928,7,17:42:00,36,82220142,-25.3755612295988,-49.2640974005018,SIM,17:50:00
82220142,-25.3755612295988,-49.2640974005018,7,17:51:00,36,82115020,-25.3852616256441,-49.2858709374701,SIM,17:57:00
82115020,-25.3852616256441,-49.2858709374701,7,17:58:00,36,81830580,-25.525272804958,-49.2599985858237,SIM,18:29:00
81830580,-25.525272804958,-49.2599985858237,7,18:30:00,36,81580050,-25.4911705040405,-49.228041043675,SIM,18:36:00
81580050,-25.4911705040405,-49.228041043675,7,18:37:00,36,82821020,-25.4233146347775,-49.2160678044742,SIM,18:47:00
